job_id,rerun_count,name,output_file_name,instantiation
799139,0,cpp-hybrid,cpp-hybrid__799139.out,gASVoQAAAAAAAAB9lCiMBGFyZ3OUjAgyNSAyNSAyNZSMDXNiYXRjaF9jb25maWeUfZQojAVub2Rlc5RLBIwPbnRhc2tzLXBlci1ub2RllEsBjA1jcHVzLXBlci10YXNrlEsgdYwVZW52aXJvbm1lbnRfdmFyaWFibGVzlH2UKIwPT01QX05VTV9USFJFQURTlEsgjBFSQVlPTl9OVU1fVEhSRUFEU5RLIHV1Lg==
799140,1,cpp-hybrid,cpp-hybrid__799140.out,gASVoQAAAAAAAAB9lCiMBGFyZ3OUjAgyNSAyNSAyNZSMDXNiYXRjaF9jb25maWeUfZQojAVub2Rlc5RLBIwPbnRhc2tzLXBlci1ub2RllEsBjA1jcHVzLXBlci10YXNrlEsgdYwVZW52aXJvbm1lbnRfdmFyaWFibGVzlH2UKIwPT01QX05VTV9USFJFQURTlEsgjBFSQVlPTl9OVU1fVEhSRUFEU5RLIHV1Lg==
799141,2,cpp-hybrid,cpp-hybrid__799141.out,gASVoQAAAAAAAAB9lCiMBGFyZ3OUjAgyNSAyNSAyNZSMDXNiYXRjaF9jb25maWeUfZQojAVub2Rlc5RLBIwPbnRhc2tzLXBlci1ub2RllEsBjA1jcHVzLXBlci10YXNrlEsgdYwVZW52aXJvbm1lbnRfdmFyaWFibGVzlH2UKIwPT01QX05VTV9USFJFQURTlEsgjBFSQVlPTl9OVU1fVEhSRUFEU5RLIHV1Lg==
799142,3,cpp-hybrid,cpp-hybrid__799142.out,gASVoQAAAAAAAAB9lCiMBGFyZ3OUjAgyNSAyNSAyNZSMDXNiYXRjaF9jb25maWeUfZQojAVub2Rlc5RLBIwPbnRhc2tzLXBlci1ub2RllEsBjA1jcHVzLXBlci10YXNrlEsgdYwVZW52aXJvbm1lbnRfdmFyaWFibGVzlH2UKIwPT01QX05VTV9USFJFQURTlEsgjBFSQVlPTl9OVU1fVEhSRUFEU5RLIHV1Lg==
799143,4,cpp-hybrid,cpp-hybrid__799143.out,gASVoQAAAAAAAAB9lCiMBGFyZ3OUjAgyNSAyNSAyNZSMDXNiYXRjaF9jb25maWeUfZQojAVub2Rlc5RLBIwPbnRhc2tzLXBlci1ub2RllEsBjA1jcHVzLXBlci10YXNrlEsgdYwVZW52aXJvbm1lbnRfdmFyaWFibGVzlH2UKIwPT01QX05VTV9USFJFQURTlEsgjBFSQVlPTl9OVU1fVEhSRUFEU5RLIHV1Lg==
799144,0,cpp-hybrid,cpp-hybrid__799144.out,gASVoQAAAAAAAAB9lCiMBGFyZ3OUjAg1MCA1MCA1MJSMDXNiYXRjaF9jb25maWeUfZQojAVub2Rlc5RLBIwPbnRhc2tzLXBlci1ub2RllEsBjA1jcHVzLXBlci10YXNrlEsgdYwVZW52aXJvbm1lbnRfdmFyaWFibGVzlH2UKIwPT01QX05VTV9USFJFQURTlEsgjBFSQVlPTl9OVU1fVEhSRUFEU5RLIHV1Lg==
799145,1,cpp-hybrid,cpp-hybrid__799145.out,gASVoQAAAAAAAAB9lCiMBGFyZ3OUjAg1MCA1MCA1MJSMDXNiYXRjaF9jb25maWeUfZQojAVub2Rlc5RLBIwPbnRhc2tzLXBlci1ub2RllEsBjA1jcHVzLXBlci10YXNrlEsgdYwVZW52aXJvbm1lbnRfdmFyaWFibGVzlH2UKIwPT01QX05VTV9USFJFQURTlEsgjBFSQVlPTl9OVU1fVEhSRUFEU5RLIHV1Lg==
799146,2,cpp-hybrid,cpp-hybrid__799146.out,gASVoQAAAAAAAAB9lCiMBGFyZ3OUjAg1MCA1MCA1MJSMDXNiYXRjaF9jb25maWeUfZQojAVub2Rlc5RLBIwPbnRhc2tzLXBlci1ub2RllEsBjA1jcHVzLXBlci10YXNrlEsgdYwVZW52aXJvbm1lbnRfdmFyaWFibGVzlH2UKIwPT01QX05VTV9USFJFQURTlEsgjBFSQVlPTl9OVU1fVEhSRUFEU5RLIHV1Lg==
799147,3,cpp-hybrid,cpp-hybrid__799147.out,gASVoQAAAAAAAAB9lCiMBGFyZ3OUjAg1MCA1MCA1MJSMDXNiYXRjaF9jb25maWeUfZQojAVub2Rlc5RLBIwPbnRhc2tzLXBlci1ub2RllEsBjA1jcHVzLXBlci10YXNrlEsgdYwVZW52aXJvbm1lbnRfdmFyaWFibGVzlH2UKIwPT01QX05VTV9USFJFQURTlEsgjBFSQVlPTl9OVU1fVEhSRUFEU5RLIHV1Lg==
799148,4,cpp-hybrid,cpp-hybrid__799148.out,gASVoQAAAAAAAAB9lCiMBGFyZ3OUjAg1MCA1MCA1MJSMDXNiYXRjaF9jb25maWeUfZQojAVub2Rlc5RLBIwPbnRhc2tzLXBlci1ub2RllEsBjA1jcHVzLXBlci10YXNrlEsgdYwVZW52aXJvbm1lbnRfdmFyaWFibGVzlH2UKIwPT01QX05VTV9USFJFQURTlEsgjBFSQVlPTl9OVU1fVEhSRUFEU5RLIHV1Lg==
799149,0,cpp-hybrid,cpp-hybrid__799149.out,gASVpAAAAAAAAAB9lCiMBGFyZ3OUjAsxMDAgMTAwIDEwMJSMDXNiYXRjaF9jb25maWeUfZQojAVub2Rlc5RLBIwPbnRhc2tzLXBlci1ub2RllEsBjA1jcHVzLXBlci10YXNrlEsgdYwVZW52aXJvbm1lbnRfdmFyaWFibGVzlH2UKIwPT01QX05VTV9USFJFQURTlEsgjBFSQVlPTl9OVU1fVEhSRUFEU5RLIHV1Lg==
799150,1,cpp-hybrid,cpp-hybrid__799150.out,gASVpAAAAAAAAAB9lCiMBGFyZ3OUjAsxMDAgMTAwIDEwMJSMDXNiYXRjaF9jb25maWeUfZQojAVub2Rlc5RLBIwPbnRhc2tzLXBlci1ub2RllEsBjA1jcHVzLXBlci10YXNrlEsgdYwVZW52aXJvbm1lbnRfdmFyaWFibGVzlH2UKIwPT01QX05VTV9USFJFQURTlEsgjBFSQVlPTl9OVU1fVEhSRUFEU5RLIHV1Lg==
799151,2,cpp-hybrid,cpp-hybrid__799151.out,gASVpAAAAAAAAAB9lCiMBGFyZ3OUjAsxMDAgMTAwIDEwMJSMDXNiYXRjaF9jb25maWeUfZQojAVub2Rlc5RLBIwPbnRhc2tzLXBlci1ub2RllEsBjA1jcHVzLXBlci10YXNrlEsgdYwVZW52aXJvbm1lbnRfdmFyaWFibGVzlH2UKIwPT01QX05VTV9USFJFQURTlEsgjBFSQVlPTl9OVU1fVEhSRUFEU5RLIHV1Lg==
799152,3,cpp-hybrid,cpp-hybrid__799152.out,gASVpAAAAAAAAAB9lCiMBGFyZ3OUjAsxMDAgMTAwIDEwMJSMDXNiYXRjaF9jb25maWeUfZQojAVub2Rlc5RLBIwPbnRhc2tzLXBlci1ub2RllEsBjA1jcHVzLXBlci10YXNrlEsgdYwVZW52aXJvbm1lbnRfdmFyaWFibGVzlH2UKIwPT01QX05VTV9USFJFQURTlEsgjBFSQVlPTl9OVU1fVEhSRUFEU5RLIHV1Lg==
799153,4,cpp-hybrid,cpp-hybrid__799153.out,gASVpAAAAAAAAAB9lCiMBGFyZ3OUjAsxMDAgMTAwIDEwMJSMDXNiYXRjaF9jb25maWeUfZQojAVub2Rlc5RLBIwPbnRhc2tzLXBlci1ub2RllEsBjA1jcHVzLXBlci10YXNrlEsgdYwVZW52aXJvbm1lbnRfdmFyaWFibGVzlH2UKIwPT01QX05VTV9USFJFQURTlEsgjBFSQVlPTl9OVU1fVEhSRUFEU5RLIHV1Lg==
799154,0,cpp-hybrid,cpp-hybrid__799154.out,gASVpAAAAAAAAAB9lCiMBGFyZ3OUjAsyMDAgMjAwIDIwMJSMDXNiYXRjaF9jb25maWeUfZQojAVub2Rlc5RLBIwPbnRhc2tzLXBlci1ub2RllEsBjA1jcHVzLXBlci10YXNrlEsgdYwVZW52aXJvbm1lbnRfdmFyaWFibGVzlH2UKIwPT01QX05VTV9USFJFQURTlEsgjBFSQVlPTl9OVU1fVEhSRUFEU5RLIHV1Lg==
799155,1,cpp-hybrid,cpp-hybrid__799155.out,gASVpAAAAAAAAAB9lCiMBGFyZ3OUjAsyMDAgMjAwIDIwMJSMDXNiYXRjaF9jb25maWeUfZQojAVub2Rlc5RLBIwPbnRhc2tzLXBlci1ub2RllEsBjA1jcHVzLXBlci10YXNrlEsgdYwVZW52aXJvbm1lbnRfdmFyaWFibGVzlH2UKIwPT01QX05VTV9USFJFQURTlEsgjBFSQVlPTl9OVU1fVEhSRUFEU5RLIHV1Lg==
799156,2,cpp-hybrid,cpp-hybrid__799156.out,gASVpAAAAAAAAAB9lCiMBGFyZ3OUjAsyMDAgMjAwIDIwMJSMDXNiYXRjaF9jb25maWeUfZQojAVub2Rlc5RLBIwPbnRhc2tzLXBlci1ub2RllEsBjA1jcHVzLXBlci10YXNrlEsgdYwVZW52aXJvbm1lbnRfdmFyaWFibGVzlH2UKIwPT01QX05VTV9USFJFQURTlEsgjBFSQVlPTl9OVU1fVEhSRUFEU5RLIHV1Lg==
799157,3,cpp-hybrid,cpp-hybrid__799157.out,gASVpAAAAAAAAAB9lCiMBGFyZ3OUjAsyMDAgMjAwIDIwMJSMDXNiYXRjaF9jb25maWeUfZQojAVub2Rlc5RLBIwPbnRhc2tzLXBlci1ub2RllEsBjA1jcHVzLXBlci10YXNrlEsgdYwVZW52aXJvbm1lbnRfdmFyaWFibGVzlH2UKIwPT01QX05VTV9USFJFQURTlEsgjBFSQVlPTl9OVU1fVEhSRUFEU5RLIHV1Lg==
799158,4,cpp-hybrid,cpp-hybrid__799158.out,gASVpAAAAAAAAAB9lCiMBGFyZ3OUjAsyMDAgMjAwIDIwMJSMDXNiYXRjaF9jb25maWeUfZQojAVub2Rlc5RLBIwPbnRhc2tzLXBlci1ub2RllEsBjA1jcHVzLXBlci10YXNrlEsgdYwVZW52aXJvbm1lbnRfdmFyaWFibGVzlH2UKIwPT01QX05VTV9USFJFQURTlEsgjBFSQVlPTl9OVU1fVEhSRUFEU5RLIHV1Lg==
799159,0,cpp-hybrid,cpp-hybrid__799159.out,gASVpAAAAAAAAAB9lCiMBGFyZ3OUjAszMDAgMzAwIDMwMJSMDXNiYXRjaF9jb25maWeUfZQojAVub2Rlc5RLBIwPbnRhc2tzLXBlci1ub2RllEsBjA1jcHVzLXBlci10YXNrlEsgdYwVZW52aXJvbm1lbnRfdmFyaWFibGVzlH2UKIwPT01QX05VTV9USFJFQURTlEsgjBFSQVlPTl9OVU1fVEhSRUFEU5RLIHV1Lg==
799160,1,cpp-hybrid,cpp-hybrid__799160.out,gASVpAAAAAAAAAB9lCiMBGFyZ3OUjAszMDAgMzAwIDMwMJSMDXNiYXRjaF9jb25maWeUfZQojAVub2Rlc5RLBIwPbnRhc2tzLXBlci1ub2RllEsBjA1jcHVzLXBlci10YXNrlEsgdYwVZW52aXJvbm1lbnRfdmFyaWFibGVzlH2UKIwPT01QX05VTV9USFJFQURTlEsgjBFSQVlPTl9OVU1fVEhSRUFEU5RLIHV1Lg==
799161,2,cpp-hybrid,cpp-hybrid__799161.out,gASVpAAAAAAAAAB9lCiMBGFyZ3OUjAszMDAgMzAwIDMwMJSMDXNiYXRjaF9jb25maWeUfZQojAVub2Rlc5RLBIwPbnRhc2tzLXBlci1ub2RllEsBjA1jcHVzLXBlci10YXNrlEsgdYwVZW52aXJvbm1lbnRfdmFyaWFibGVzlH2UKIwPT01QX05VTV9USFJFQURTlEsgjBFSQVlPTl9OVU1fVEhSRUFEU5RLIHV1Lg==
799162,3,cpp-hybrid,cpp-hybrid__799162.out,gASVpAAAAAAAAAB9lCiMBGFyZ3OUjAszMDAgMzAwIDMwMJSMDXNiYXRjaF9jb25maWeUfZQojAVub2Rlc5RLBIwPbnRhc2tzLXBlci1ub2RllEsBjA1jcHVzLXBlci10YXNrlEsgdYwVZW52aXJvbm1lbnRfdmFyaWFibGVzlH2UKIwPT01QX05VTV9USFJFQURTlEsgjBFSQVlPTl9OVU1fVEhSRUFEU5RLIHV1Lg==
799163,4,cpp-hybrid,cpp-hybrid__799163.out,gASVpAAAAAAAAAB9lCiMBGFyZ3OUjAszMDAgMzAwIDMwMJSMDXNiYXRjaF9jb25maWeUfZQojAVub2Rlc5RLBIwPbnRhc2tzLXBlci1ub2RllEsBjA1jcHVzLXBlci10YXNrlEsgdYwVZW52aXJvbm1lbnRfdmFyaWFibGVzlH2UKIwPT01QX05VTV9USFJFQURTlEsgjBFSQVlPTl9OVU1fVEhSRUFEU5RLIHV1Lg==
799164,0,cpp-hybrid,cpp-hybrid__799164.out,gASVpAAAAAAAAAB9lCiMBGFyZ3OUjAs0MDAgNDAwIDQwMJSMDXNiYXRjaF9jb25maWeUfZQojAVub2Rlc5RLBIwPbnRhc2tzLXBlci1ub2RllEsBjA1jcHVzLXBlci10YXNrlEsgdYwVZW52aXJvbm1lbnRfdmFyaWFibGVzlH2UKIwPT01QX05VTV9USFJFQURTlEsgjBFSQVlPTl9OVU1fVEhSRUFEU5RLIHV1Lg==
799165,1,cpp-hybrid,cpp-hybrid__799165.out,gASVpAAAAAAAAAB9lCiMBGFyZ3OUjAs0MDAgNDAwIDQwMJSMDXNiYXRjaF9jb25maWeUfZQojAVub2Rlc5RLBIwPbnRhc2tzLXBlci1ub2RllEsBjA1jcHVzLXBlci10YXNrlEsgdYwVZW52aXJvbm1lbnRfdmFyaWFibGVzlH2UKIwPT01QX05VTV9USFJFQURTlEsgjBFSQVlPTl9OVU1fVEhSRUFEU5RLIHV1Lg==
799166,2,cpp-hybrid,cpp-hybrid__799166.out,gASVpAAAAAAAAAB9lCiMBGFyZ3OUjAs0MDAgNDAwIDQwMJSMDXNiYXRjaF9jb25maWeUfZQojAVub2Rlc5RLBIwPbnRhc2tzLXBlci1ub2RllEsBjA1jcHVzLXBlci10YXNrlEsgdYwVZW52aXJvbm1lbnRfdmFyaWFibGVzlH2UKIwPT01QX05VTV9USFJFQURTlEsgjBFSQVlPTl9OVU1fVEhSRUFEU5RLIHV1Lg==
799167,3,cpp-hybrid,cpp-hybrid__799167.out,gASVpAAAAAAAAAB9lCiMBGFyZ3OUjAs0MDAgNDAwIDQwMJSMDXNiYXRjaF9jb25maWeUfZQojAVub2Rlc5RLBIwPbnRhc2tzLXBlci1ub2RllEsBjA1jcHVzLXBlci10YXNrlEsgdYwVZW52aXJvbm1lbnRfdmFyaWFibGVzlH2UKIwPT01QX05VTV9USFJFQURTlEsgjBFSQVlPTl9OVU1fVEhSRUFEU5RLIHV1Lg==
799168,4,cpp-hybrid,cpp-hybrid__799168.out,gASVpAAAAAAAAAB9lCiMBGFyZ3OUjAs0MDAgNDAwIDQwMJSMDXNiYXRjaF9jb25maWeUfZQojAVub2Rlc5RLBIwPbnRhc2tzLXBlci1ub2RllEsBjA1jcHVzLXBlci10YXNrlEsgdYwVZW52aXJvbm1lbnRfdmFyaWFibGVzlH2UKIwPT01QX05VTV9USFJFQURTlEsgjBFSQVlPTl9OVU1fVEhSRUFEU5RLIHV1Lg==
799169,0,rust-hybrid,rust-hybrid__799169.out,gASVoQAAAAAAAAB9lCiMBGFyZ3OUjAgyNSAyNSAyNZSMDXNiYXRjaF9jb25maWeUfZQojAVub2Rlc5RLBIwPbnRhc2tzLXBlci1ub2RllEsBjA1jcHVzLXBlci10YXNrlEsgdYwVZW52aXJvbm1lbnRfdmFyaWFibGVzlH2UKIwPT01QX05VTV9USFJFQURTlEsgjBFSQVlPTl9OVU1fVEhSRUFEU5RLIHV1Lg==
799170,1,rust-hybrid,rust-hybrid__799170.out,gASVoQAAAAAAAAB9lCiMBGFyZ3OUjAgyNSAyNSAyNZSMDXNiYXRjaF9jb25maWeUfZQojAVub2Rlc5RLBIwPbnRhc2tzLXBlci1ub2RllEsBjA1jcHVzLXBlci10YXNrlEsgdYwVZW52aXJvbm1lbnRfdmFyaWFibGVzlH2UKIwPT01QX05VTV9USFJFQURTlEsgjBFSQVlPTl9OVU1fVEhSRUFEU5RLIHV1Lg==
799171,2,rust-hybrid,rust-hybrid__799171.out,gASVoQAAAAAAAAB9lCiMBGFyZ3OUjAgyNSAyNSAyNZSMDXNiYXRjaF9jb25maWeUfZQojAVub2Rlc5RLBIwPbnRhc2tzLXBlci1ub2RllEsBjA1jcHVzLXBlci10YXNrlEsgdYwVZW52aXJvbm1lbnRfdmFyaWFibGVzlH2UKIwPT01QX05VTV9USFJFQURTlEsgjBFSQVlPTl9OVU1fVEhSRUFEU5RLIHV1Lg==
799172,3,rust-hybrid,rust-hybrid__799172.out,gASVoQAAAAAAAAB9lCiMBGFyZ3OUjAgyNSAyNSAyNZSMDXNiYXRjaF9jb25maWeUfZQojAVub2Rlc5RLBIwPbnRhc2tzLXBlci1ub2RllEsBjA1jcHVzLXBlci10YXNrlEsgdYwVZW52aXJvbm1lbnRfdmFyaWFibGVzlH2UKIwPT01QX05VTV9USFJFQURTlEsgjBFSQVlPTl9OVU1fVEhSRUFEU5RLIHV1Lg==
799173,4,rust-hybrid,rust-hybrid__799173.out,gASVoQAAAAAAAAB9lCiMBGFyZ3OUjAgyNSAyNSAyNZSMDXNiYXRjaF9jb25maWeUfZQojAVub2Rlc5RLBIwPbnRhc2tzLXBlci1ub2RllEsBjA1jcHVzLXBlci10YXNrlEsgdYwVZW52aXJvbm1lbnRfdmFyaWFibGVzlH2UKIwPT01QX05VTV9USFJFQURTlEsgjBFSQVlPTl9OVU1fVEhSRUFEU5RLIHV1Lg==
799174,0,rust-hybrid,rust-hybrid__799174.out,gASVoQAAAAAAAAB9lCiMBGFyZ3OUjAg1MCA1MCA1MJSMDXNiYXRjaF9jb25maWeUfZQojAVub2Rlc5RLBIwPbnRhc2tzLXBlci1ub2RllEsBjA1jcHVzLXBlci10YXNrlEsgdYwVZW52aXJvbm1lbnRfdmFyaWFibGVzlH2UKIwPT01QX05VTV9USFJFQURTlEsgjBFSQVlPTl9OVU1fVEhSRUFEU5RLIHV1Lg==
799175,1,rust-hybrid,rust-hybrid__799175.out,gASVoQAAAAAAAAB9lCiMBGFyZ3OUjAg1MCA1MCA1MJSMDXNiYXRjaF9jb25maWeUfZQojAVub2Rlc5RLBIwPbnRhc2tzLXBlci1ub2RllEsBjA1jcHVzLXBlci10YXNrlEsgdYwVZW52aXJvbm1lbnRfdmFyaWFibGVzlH2UKIwPT01QX05VTV9USFJFQURTlEsgjBFSQVlPTl9OVU1fVEhSRUFEU5RLIHV1Lg==
799176,2,rust-hybrid,rust-hybrid__799176.out,gASVoQAAAAAAAAB9lCiMBGFyZ3OUjAg1MCA1MCA1MJSMDXNiYXRjaF9jb25maWeUfZQojAVub2Rlc5RLBIwPbnRhc2tzLXBlci1ub2RllEsBjA1jcHVzLXBlci10YXNrlEsgdYwVZW52aXJvbm1lbnRfdmFyaWFibGVzlH2UKIwPT01QX05VTV9USFJFQURTlEsgjBFSQVlPTl9OVU1fVEhSRUFEU5RLIHV1Lg==
799177,3,rust-hybrid,rust-hybrid__799177.out,gASVoQAAAAAAAAB9lCiMBGFyZ3OUjAg1MCA1MCA1MJSMDXNiYXRjaF9jb25maWeUfZQojAVub2Rlc5RLBIwPbnRhc2tzLXBlci1ub2RllEsBjA1jcHVzLXBlci10YXNrlEsgdYwVZW52aXJvbm1lbnRfdmFyaWFibGVzlH2UKIwPT01QX05VTV9USFJFQURTlEsgjBFSQVlPTl9OVU1fVEhSRUFEU5RLIHV1Lg==
799178,4,rust-hybrid,rust-hybrid__799178.out,gASVoQAAAAAAAAB9lCiMBGFyZ3OUjAg1MCA1MCA1MJSMDXNiYXRjaF9jb25maWeUfZQojAVub2Rlc5RLBIwPbnRhc2tzLXBlci1ub2RllEsBjA1jcHVzLXBlci10YXNrlEsgdYwVZW52aXJvbm1lbnRfdmFyaWFibGVzlH2UKIwPT01QX05VTV9USFJFQURTlEsgjBFSQVlPTl9OVU1fVEhSRUFEU5RLIHV1Lg==
799179,0,rust-hybrid,rust-hybrid__799179.out,gASVpAAAAAAAAAB9lCiMBGFyZ3OUjAsxMDAgMTAwIDEwMJSMDXNiYXRjaF9jb25maWeUfZQojAVub2Rlc5RLBIwPbnRhc2tzLXBlci1ub2RllEsBjA1jcHVzLXBlci10YXNrlEsgdYwVZW52aXJvbm1lbnRfdmFyaWFibGVzlH2UKIwPT01QX05VTV9USFJFQURTlEsgjBFSQVlPTl9OVU1fVEhSRUFEU5RLIHV1Lg==
799180,1,rust-hybrid,rust-hybrid__799180.out,gASVpAAAAAAAAAB9lCiMBGFyZ3OUjAsxMDAgMTAwIDEwMJSMDXNiYXRjaF9jb25maWeUfZQojAVub2Rlc5RLBIwPbnRhc2tzLXBlci1ub2RllEsBjA1jcHVzLXBlci10YXNrlEsgdYwVZW52aXJvbm1lbnRfdmFyaWFibGVzlH2UKIwPT01QX05VTV9USFJFQURTlEsgjBFSQVlPTl9OVU1fVEhSRUFEU5RLIHV1Lg==
799181,2,rust-hybrid,rust-hybrid__799181.out,gASVpAAAAAAAAAB9lCiMBGFyZ3OUjAsxMDAgMTAwIDEwMJSMDXNiYXRjaF9jb25maWeUfZQojAVub2Rlc5RLBIwPbnRhc2tzLXBlci1ub2RllEsBjA1jcHVzLXBlci10YXNrlEsgdYwVZW52aXJvbm1lbnRfdmFyaWFibGVzlH2UKIwPT01QX05VTV9USFJFQURTlEsgjBFSQVlPTl9OVU1fVEhSRUFEU5RLIHV1Lg==
799182,3,rust-hybrid,rust-hybrid__799182.out,gASVpAAAAAAAAAB9lCiMBGFyZ3OUjAsxMDAgMTAwIDEwMJSMDXNiYXRjaF9jb25maWeUfZQojAVub2Rlc5RLBIwPbnRhc2tzLXBlci1ub2RllEsBjA1jcHVzLXBlci10YXNrlEsgdYwVZW52aXJvbm1lbnRfdmFyaWFibGVzlH2UKIwPT01QX05VTV9USFJFQURTlEsgjBFSQVlPTl9OVU1fVEhSRUFEU5RLIHV1Lg==
799183,4,rust-hybrid,rust-hybrid__799183.out,gASVpAAAAAAAAAB9lCiMBGFyZ3OUjAsxMDAgMTAwIDEwMJSMDXNiYXRjaF9jb25maWeUfZQojAVub2Rlc5RLBIwPbnRhc2tzLXBlci1ub2RllEsBjA1jcHVzLXBlci10YXNrlEsgdYwVZW52aXJvbm1lbnRfdmFyaWFibGVzlH2UKIwPT01QX05VTV9USFJFQURTlEsgjBFSQVlPTl9OVU1fVEhSRUFEU5RLIHV1Lg==
799184,0,rust-hybrid,rust-hybrid__799184.out,gASVpAAAAAAAAAB9lCiMBGFyZ3OUjAsyMDAgMjAwIDIwMJSMDXNiYXRjaF9jb25maWeUfZQojAVub2Rlc5RLBIwPbnRhc2tzLXBlci1ub2RllEsBjA1jcHVzLXBlci10YXNrlEsgdYwVZW52aXJvbm1lbnRfdmFyaWFibGVzlH2UKIwPT01QX05VTV9USFJFQURTlEsgjBFSQVlPTl9OVU1fVEhSRUFEU5RLIHV1Lg==
799185,1,rust-hybrid,rust-hybrid__799185.out,gASVpAAAAAAAAAB9lCiMBGFyZ3OUjAsyMDAgMjAwIDIwMJSMDXNiYXRjaF9jb25maWeUfZQojAVub2Rlc5RLBIwPbnRhc2tzLXBlci1ub2RllEsBjA1jcHVzLXBlci10YXNrlEsgdYwVZW52aXJvbm1lbnRfdmFyaWFibGVzlH2UKIwPT01QX05VTV9USFJFQURTlEsgjBFSQVlPTl9OVU1fVEhSRUFEU5RLIHV1Lg==
799186,2,rust-hybrid,rust-hybrid__799186.out,gASVpAAAAAAAAAB9lCiMBGFyZ3OUjAsyMDAgMjAwIDIwMJSMDXNiYXRjaF9jb25maWeUfZQojAVub2Rlc5RLBIwPbnRhc2tzLXBlci1ub2RllEsBjA1jcHVzLXBlci10YXNrlEsgdYwVZW52aXJvbm1lbnRfdmFyaWFibGVzlH2UKIwPT01QX05VTV9USFJFQURTlEsgjBFSQVlPTl9OVU1fVEhSRUFEU5RLIHV1Lg==
799187,3,rust-hybrid,rust-hybrid__799187.out,gASVpAAAAAAAAAB9lCiMBGFyZ3OUjAsyMDAgMjAwIDIwMJSMDXNiYXRjaF9jb25maWeUfZQojAVub2Rlc5RLBIwPbnRhc2tzLXBlci1ub2RllEsBjA1jcHVzLXBlci10YXNrlEsgdYwVZW52aXJvbm1lbnRfdmFyaWFibGVzlH2UKIwPT01QX05VTV9USFJFQURTlEsgjBFSQVlPTl9OVU1fVEhSRUFEU5RLIHV1Lg==
799188,4,rust-hybrid,rust-hybrid__799188.out,gASVpAAAAAAAAAB9lCiMBGFyZ3OUjAsyMDAgMjAwIDIwMJSMDXNiYXRjaF9jb25maWeUfZQojAVub2Rlc5RLBIwPbnRhc2tzLXBlci1ub2RllEsBjA1jcHVzLXBlci10YXNrlEsgdYwVZW52aXJvbm1lbnRfdmFyaWFibGVzlH2UKIwPT01QX05VTV9USFJFQURTlEsgjBFSQVlPTl9OVU1fVEhSRUFEU5RLIHV1Lg==
799189,0,rust-hybrid,rust-hybrid__799189.out,gASVpAAAAAAAAAB9lCiMBGFyZ3OUjAszMDAgMzAwIDMwMJSMDXNiYXRjaF9jb25maWeUfZQojAVub2Rlc5RLBIwPbnRhc2tzLXBlci1ub2RllEsBjA1jcHVzLXBlci10YXNrlEsgdYwVZW52aXJvbm1lbnRfdmFyaWFibGVzlH2UKIwPT01QX05VTV9USFJFQURTlEsgjBFSQVlPTl9OVU1fVEhSRUFEU5RLIHV1Lg==
799190,1,rust-hybrid,rust-hybrid__799190.out,gASVpAAAAAAAAAB9lCiMBGFyZ3OUjAszMDAgMzAwIDMwMJSMDXNiYXRjaF9jb25maWeUfZQojAVub2Rlc5RLBIwPbnRhc2tzLXBlci1ub2RllEsBjA1jcHVzLXBlci10YXNrlEsgdYwVZW52aXJvbm1lbnRfdmFyaWFibGVzlH2UKIwPT01QX05VTV9USFJFQURTlEsgjBFSQVlPTl9OVU1fVEhSRUFEU5RLIHV1Lg==
799191,2,rust-hybrid,rust-hybrid__799191.out,gASVpAAAAAAAAAB9lCiMBGFyZ3OUjAszMDAgMzAwIDMwMJSMDXNiYXRjaF9jb25maWeUfZQojAVub2Rlc5RLBIwPbnRhc2tzLXBlci1ub2RllEsBjA1jcHVzLXBlci10YXNrlEsgdYwVZW52aXJvbm1lbnRfdmFyaWFibGVzlH2UKIwPT01QX05VTV9USFJFQURTlEsgjBFSQVlPTl9OVU1fVEhSRUFEU5RLIHV1Lg==
799192,3,rust-hybrid,rust-hybrid__799192.out,gASVpAAAAAAAAAB9lCiMBGFyZ3OUjAszMDAgMzAwIDMwMJSMDXNiYXRjaF9jb25maWeUfZQojAVub2Rlc5RLBIwPbnRhc2tzLXBlci1ub2RllEsBjA1jcHVzLXBlci10YXNrlEsgdYwVZW52aXJvbm1lbnRfdmFyaWFibGVzlH2UKIwPT01QX05VTV9USFJFQURTlEsgjBFSQVlPTl9OVU1fVEhSRUFEU5RLIHV1Lg==
799193,4,rust-hybrid,rust-hybrid__799193.out,gASVpAAAAAAAAAB9lCiMBGFyZ3OUjAszMDAgMzAwIDMwMJSMDXNiYXRjaF9jb25maWeUfZQojAVub2Rlc5RLBIwPbnRhc2tzLXBlci1ub2RllEsBjA1jcHVzLXBlci10YXNrlEsgdYwVZW52aXJvbm1lbnRfdmFyaWFibGVzlH2UKIwPT01QX05VTV9USFJFQURTlEsgjBFSQVlPTl9OVU1fVEhSRUFEU5RLIHV1Lg==
799194,0,rust-hybrid,rust-hybrid__799194.out,gASVpAAAAAAAAAB9lCiMBGFyZ3OUjAs0MDAgNDAwIDQwMJSMDXNiYXRjaF9jb25maWeUfZQojAVub2Rlc5RLBIwPbnRhc2tzLXBlci1ub2RllEsBjA1jcHVzLXBlci10YXNrlEsgdYwVZW52aXJvbm1lbnRfdmFyaWFibGVzlH2UKIwPT01QX05VTV9USFJFQURTlEsgjBFSQVlPTl9OVU1fVEhSRUFEU5RLIHV1Lg==
799195,1,rust-hybrid,rust-hybrid__799195.out,gASVpAAAAAAAAAB9lCiMBGFyZ3OUjAs0MDAgNDAwIDQwMJSMDXNiYXRjaF9jb25maWeUfZQojAVub2Rlc5RLBIwPbnRhc2tzLXBlci1ub2RllEsBjA1jcHVzLXBlci10YXNrlEsgdYwVZW52aXJvbm1lbnRfdmFyaWFibGVzlH2UKIwPT01QX05VTV9USFJFQURTlEsgjBFSQVlPTl9OVU1fVEhSRUFEU5RLIHV1Lg==
799196,2,rust-hybrid,rust-hybrid__799196.out,gASVpAAAAAAAAAB9lCiMBGFyZ3OUjAs0MDAgNDAwIDQwMJSMDXNiYXRjaF9jb25maWeUfZQojAVub2Rlc5RLBIwPbnRhc2tzLXBlci1ub2RllEsBjA1jcHVzLXBlci10YXNrlEsgdYwVZW52aXJvbm1lbnRfdmFyaWFibGVzlH2UKIwPT01QX05VTV9USFJFQURTlEsgjBFSQVlPTl9OVU1fVEhSRUFEU5RLIHV1Lg==
799197,3,rust-hybrid,rust-hybrid__799197.out,gASVpAAAAAAAAAB9lCiMBGFyZ3OUjAs0MDAgNDAwIDQwMJSMDXNiYXRjaF9jb25maWeUfZQojAVub2Rlc5RLBIwPbnRhc2tzLXBlci1ub2RllEsBjA1jcHVzLXBlci10YXNrlEsgdYwVZW52aXJvbm1lbnRfdmFyaWFibGVzlH2UKIwPT01QX05VTV9USFJFQURTlEsgjBFSQVlPTl9OVU1fVEhSRUFEU5RLIHV1Lg==
799198,4,rust-hybrid,rust-hybrid__799198.out,gASVpAAAAAAAAAB9lCiMBGFyZ3OUjAs0MDAgNDAwIDQwMJSMDXNiYXRjaF9jb25maWeUfZQojAVub2Rlc5RLBIwPbnRhc2tzLXBlci1ub2RllEsBjA1jcHVzLXBlci10YXNrlEsgdYwVZW52aXJvbm1lbnRfdmFyaWFibGVzlH2UKIwPT01QX05VTV9USFJFQURTlEsgjBFSQVlPTl9OVU1fVEhSRUFEU5RLIHV1Lg==
799199,0,cpp-kokkos-mpi,cpp-kokkos-mpi__799199.out,gASVoQAAAAAAAAB9lCiMBGFyZ3OUjAgyNSAyNSAyNZSMDXNiYXRjaF9jb25maWeUfZQojAVub2Rlc5RLBIwPbnRhc2tzLXBlci1ub2RllEsBjA1jcHVzLXBlci10YXNrlEsgdYwVZW52aXJvbm1lbnRfdmFyaWFibGVzlH2UKIwPT01QX05VTV9USFJFQURTlEsgjBFSQVlPTl9OVU1fVEhSRUFEU5RLIHV1Lg==
799200,1,cpp-kokkos-mpi,cpp-kokkos-mpi__799200.out,gASVoQAAAAAAAAB9lCiMBGFyZ3OUjAgyNSAyNSAyNZSMDXNiYXRjaF9jb25maWeUfZQojAVub2Rlc5RLBIwPbnRhc2tzLXBlci1ub2RllEsBjA1jcHVzLXBlci10YXNrlEsgdYwVZW52aXJvbm1lbnRfdmFyaWFibGVzlH2UKIwPT01QX05VTV9USFJFQURTlEsgjBFSQVlPTl9OVU1fVEhSRUFEU5RLIHV1Lg==
799201,2,cpp-kokkos-mpi,cpp-kokkos-mpi__799201.out,gASVoQAAAAAAAAB9lCiMBGFyZ3OUjAgyNSAyNSAyNZSMDXNiYXRjaF9jb25maWeUfZQojAVub2Rlc5RLBIwPbnRhc2tzLXBlci1ub2RllEsBjA1jcHVzLXBlci10YXNrlEsgdYwVZW52aXJvbm1lbnRfdmFyaWFibGVzlH2UKIwPT01QX05VTV9USFJFQURTlEsgjBFSQVlPTl9OVU1fVEhSRUFEU5RLIHV1Lg==
799202,3,cpp-kokkos-mpi,cpp-kokkos-mpi__799202.out,gASVoQAAAAAAAAB9lCiMBGFyZ3OUjAgyNSAyNSAyNZSMDXNiYXRjaF9jb25maWeUfZQojAVub2Rlc5RLBIwPbnRhc2tzLXBlci1ub2RllEsBjA1jcHVzLXBlci10YXNrlEsgdYwVZW52aXJvbm1lbnRfdmFyaWFibGVzlH2UKIwPT01QX05VTV9USFJFQURTlEsgjBFSQVlPTl9OVU1fVEhSRUFEU5RLIHV1Lg==
799203,4,cpp-kokkos-mpi,cpp-kokkos-mpi__799203.out,gASVoQAAAAAAAAB9lCiMBGFyZ3OUjAgyNSAyNSAyNZSMDXNiYXRjaF9jb25maWeUfZQojAVub2Rlc5RLBIwPbnRhc2tzLXBlci1ub2RllEsBjA1jcHVzLXBlci10YXNrlEsgdYwVZW52aXJvbm1lbnRfdmFyaWFibGVzlH2UKIwPT01QX05VTV9USFJFQURTlEsgjBFSQVlPTl9OVU1fVEhSRUFEU5RLIHV1Lg==
799204,0,cpp-kokkos-mpi,cpp-kokkos-mpi__799204.out,gASVoQAAAAAAAAB9lCiMBGFyZ3OUjAg1MCA1MCA1MJSMDXNiYXRjaF9jb25maWeUfZQojAVub2Rlc5RLBIwPbnRhc2tzLXBlci1ub2RllEsBjA1jcHVzLXBlci10YXNrlEsgdYwVZW52aXJvbm1lbnRfdmFyaWFibGVzlH2UKIwPT01QX05VTV9USFJFQURTlEsgjBFSQVlPTl9OVU1fVEhSRUFEU5RLIHV1Lg==
799205,1,cpp-kokkos-mpi,cpp-kokkos-mpi__799205.out,gASVoQAAAAAAAAB9lCiMBGFyZ3OUjAg1MCA1MCA1MJSMDXNiYXRjaF9jb25maWeUfZQojAVub2Rlc5RLBIwPbnRhc2tzLXBlci1ub2RllEsBjA1jcHVzLXBlci10YXNrlEsgdYwVZW52aXJvbm1lbnRfdmFyaWFibGVzlH2UKIwPT01QX05VTV9USFJFQURTlEsgjBFSQVlPTl9OVU1fVEhSRUFEU5RLIHV1Lg==
799206,2,cpp-kokkos-mpi,cpp-kokkos-mpi__799206.out,gASVoQAAAAAAAAB9lCiMBGFyZ3OUjAg1MCA1MCA1MJSMDXNiYXRjaF9jb25maWeUfZQojAVub2Rlc5RLBIwPbnRhc2tzLXBlci1ub2RllEsBjA1jcHVzLXBlci10YXNrlEsgdYwVZW52aXJvbm1lbnRfdmFyaWFibGVzlH2UKIwPT01QX05VTV9USFJFQURTlEsgjBFSQVlPTl9OVU1fVEhSRUFEU5RLIHV1Lg==
799207,3,cpp-kokkos-mpi,cpp-kokkos-mpi__799207.out,gASVoQAAAAAAAAB9lCiMBGFyZ3OUjAg1MCA1MCA1MJSMDXNiYXRjaF9jb25maWeUfZQojAVub2Rlc5RLBIwPbnRhc2tzLXBlci1ub2RllEsBjA1jcHVzLXBlci10YXNrlEsgdYwVZW52aXJvbm1lbnRfdmFyaWFibGVzlH2UKIwPT01QX05VTV9USFJFQURTlEsgjBFSQVlPTl9OVU1fVEhSRUFEU5RLIHV1Lg==
799208,4,cpp-kokkos-mpi,cpp-kokkos-mpi__799208.out,gASVoQAAAAAAAAB9lCiMBGFyZ3OUjAg1MCA1MCA1MJSMDXNiYXRjaF9jb25maWeUfZQojAVub2Rlc5RLBIwPbnRhc2tzLXBlci1ub2RllEsBjA1jcHVzLXBlci10YXNrlEsgdYwVZW52aXJvbm1lbnRfdmFyaWFibGVzlH2UKIwPT01QX05VTV9USFJFQURTlEsgjBFSQVlPTl9OVU1fVEhSRUFEU5RLIHV1Lg==
799209,0,cpp-kokkos-mpi,cpp-kokkos-mpi__799209.out,gASVpAAAAAAAAAB9lCiMBGFyZ3OUjAsxMDAgMTAwIDEwMJSMDXNiYXRjaF9jb25maWeUfZQojAVub2Rlc5RLBIwPbnRhc2tzLXBlci1ub2RllEsBjA1jcHVzLXBlci10YXNrlEsgdYwVZW52aXJvbm1lbnRfdmFyaWFibGVzlH2UKIwPT01QX05VTV9USFJFQURTlEsgjBFSQVlPTl9OVU1fVEhSRUFEU5RLIHV1Lg==
799210,1,cpp-kokkos-mpi,cpp-kokkos-mpi__799210.out,gASVpAAAAAAAAAB9lCiMBGFyZ3OUjAsxMDAgMTAwIDEwMJSMDXNiYXRjaF9jb25maWeUfZQojAVub2Rlc5RLBIwPbnRhc2tzLXBlci1ub2RllEsBjA1jcHVzLXBlci10YXNrlEsgdYwVZW52aXJvbm1lbnRfdmFyaWFibGVzlH2UKIwPT01QX05VTV9USFJFQURTlEsgjBFSQVlPTl9OVU1fVEhSRUFEU5RLIHV1Lg==
799211,2,cpp-kokkos-mpi,cpp-kokkos-mpi__799211.out,gASVpAAAAAAAAAB9lCiMBGFyZ3OUjAsxMDAgMTAwIDEwMJSMDXNiYXRjaF9jb25maWeUfZQojAVub2Rlc5RLBIwPbnRhc2tzLXBlci1ub2RllEsBjA1jcHVzLXBlci10YXNrlEsgdYwVZW52aXJvbm1lbnRfdmFyaWFibGVzlH2UKIwPT01QX05VTV9USFJFQURTlEsgjBFSQVlPTl9OVU1fVEhSRUFEU5RLIHV1Lg==
799212,3,cpp-kokkos-mpi,cpp-kokkos-mpi__799212.out,gASVpAAAAAAAAAB9lCiMBGFyZ3OUjAsxMDAgMTAwIDEwMJSMDXNiYXRjaF9jb25maWeUfZQojAVub2Rlc5RLBIwPbnRhc2tzLXBlci1ub2RllEsBjA1jcHVzLXBlci10YXNrlEsgdYwVZW52aXJvbm1lbnRfdmFyaWFibGVzlH2UKIwPT01QX05VTV9USFJFQURTlEsgjBFSQVlPTl9OVU1fVEhSRUFEU5RLIHV1Lg==
799213,4,cpp-kokkos-mpi,cpp-kokkos-mpi__799213.out,gASVpAAAAAAAAAB9lCiMBGFyZ3OUjAsxMDAgMTAwIDEwMJSMDXNiYXRjaF9jb25maWeUfZQojAVub2Rlc5RLBIwPbnRhc2tzLXBlci1ub2RllEsBjA1jcHVzLXBlci10YXNrlEsgdYwVZW52aXJvbm1lbnRfdmFyaWFibGVzlH2UKIwPT01QX05VTV9USFJFQURTlEsgjBFSQVlPTl9OVU1fVEhSRUFEU5RLIHV1Lg==
799214,0,cpp-kokkos-mpi,cpp-kokkos-mpi__799214.out,gASVpAAAAAAAAAB9lCiMBGFyZ3OUjAsyMDAgMjAwIDIwMJSMDXNiYXRjaF9jb25maWeUfZQojAVub2Rlc5RLBIwPbnRhc2tzLXBlci1ub2RllEsBjA1jcHVzLXBlci10YXNrlEsgdYwVZW52aXJvbm1lbnRfdmFyaWFibGVzlH2UKIwPT01QX05VTV9USFJFQURTlEsgjBFSQVlPTl9OVU1fVEhSRUFEU5RLIHV1Lg==
799215,1,cpp-kokkos-mpi,cpp-kokkos-mpi__799215.out,gASVpAAAAAAAAAB9lCiMBGFyZ3OUjAsyMDAgMjAwIDIwMJSMDXNiYXRjaF9jb25maWeUfZQojAVub2Rlc5RLBIwPbnRhc2tzLXBlci1ub2RllEsBjA1jcHVzLXBlci10YXNrlEsgdYwVZW52aXJvbm1lbnRfdmFyaWFibGVzlH2UKIwPT01QX05VTV9USFJFQURTlEsgjBFSQVlPTl9OVU1fVEhSRUFEU5RLIHV1Lg==
799216,2,cpp-kokkos-mpi,cpp-kokkos-mpi__799216.out,gASVpAAAAAAAAAB9lCiMBGFyZ3OUjAsyMDAgMjAwIDIwMJSMDXNiYXRjaF9jb25maWeUfZQojAVub2Rlc5RLBIwPbnRhc2tzLXBlci1ub2RllEsBjA1jcHVzLXBlci10YXNrlEsgdYwVZW52aXJvbm1lbnRfdmFyaWFibGVzlH2UKIwPT01QX05VTV9USFJFQURTlEsgjBFSQVlPTl9OVU1fVEhSRUFEU5RLIHV1Lg==
799217,3,cpp-kokkos-mpi,cpp-kokkos-mpi__799217.out,gASVpAAAAAAAAAB9lCiMBGFyZ3OUjAsyMDAgMjAwIDIwMJSMDXNiYXRjaF9jb25maWeUfZQojAVub2Rlc5RLBIwPbnRhc2tzLXBlci1ub2RllEsBjA1jcHVzLXBlci10YXNrlEsgdYwVZW52aXJvbm1lbnRfdmFyaWFibGVzlH2UKIwPT01QX05VTV9USFJFQURTlEsgjBFSQVlPTl9OVU1fVEhSRUFEU5RLIHV1Lg==
799218,4,cpp-kokkos-mpi,cpp-kokkos-mpi__799218.out,gASVpAAAAAAAAAB9lCiMBGFyZ3OUjAsyMDAgMjAwIDIwMJSMDXNiYXRjaF9jb25maWeUfZQojAVub2Rlc5RLBIwPbnRhc2tzLXBlci1ub2RllEsBjA1jcHVzLXBlci10YXNrlEsgdYwVZW52aXJvbm1lbnRfdmFyaWFibGVzlH2UKIwPT01QX05VTV9USFJFQURTlEsgjBFSQVlPTl9OVU1fVEhSRUFEU5RLIHV1Lg==
799219,0,cpp-kokkos-mpi,cpp-kokkos-mpi__799219.out,gASVpAAAAAAAAAB9lCiMBGFyZ3OUjAszMDAgMzAwIDMwMJSMDXNiYXRjaF9jb25maWeUfZQojAVub2Rlc5RLBIwPbnRhc2tzLXBlci1ub2RllEsBjA1jcHVzLXBlci10YXNrlEsgdYwVZW52aXJvbm1lbnRfdmFyaWFibGVzlH2UKIwPT01QX05VTV9USFJFQURTlEsgjBFSQVlPTl9OVU1fVEhSRUFEU5RLIHV1Lg==
799220,1,cpp-kokkos-mpi,cpp-kokkos-mpi__799220.out,gASVpAAAAAAAAAB9lCiMBGFyZ3OUjAszMDAgMzAwIDMwMJSMDXNiYXRjaF9jb25maWeUfZQojAVub2Rlc5RLBIwPbnRhc2tzLXBlci1ub2RllEsBjA1jcHVzLXBlci10YXNrlEsgdYwVZW52aXJvbm1lbnRfdmFyaWFibGVzlH2UKIwPT01QX05VTV9USFJFQURTlEsgjBFSQVlPTl9OVU1fVEhSRUFEU5RLIHV1Lg==
799221,2,cpp-kokkos-mpi,cpp-kokkos-mpi__799221.out,gASVpAAAAAAAAAB9lCiMBGFyZ3OUjAszMDAgMzAwIDMwMJSMDXNiYXRjaF9jb25maWeUfZQojAVub2Rlc5RLBIwPbnRhc2tzLXBlci1ub2RllEsBjA1jcHVzLXBlci10YXNrlEsgdYwVZW52aXJvbm1lbnRfdmFyaWFibGVzlH2UKIwPT01QX05VTV9USFJFQURTlEsgjBFSQVlPTl9OVU1fVEhSRUFEU5RLIHV1Lg==
799222,3,cpp-kokkos-mpi,cpp-kokkos-mpi__799222.out,gASVpAAAAAAAAAB9lCiMBGFyZ3OUjAszMDAgMzAwIDMwMJSMDXNiYXRjaF9jb25maWeUfZQojAVub2Rlc5RLBIwPbnRhc2tzLXBlci1ub2RllEsBjA1jcHVzLXBlci10YXNrlEsgdYwVZW52aXJvbm1lbnRfdmFyaWFibGVzlH2UKIwPT01QX05VTV9USFJFQURTlEsgjBFSQVlPTl9OVU1fVEhSRUFEU5RLIHV1Lg==
799223,4,cpp-kokkos-mpi,cpp-kokkos-mpi__799223.out,gASVpAAAAAAAAAB9lCiMBGFyZ3OUjAszMDAgMzAwIDMwMJSMDXNiYXRjaF9jb25maWeUfZQojAVub2Rlc5RLBIwPbnRhc2tzLXBlci1ub2RllEsBjA1jcHVzLXBlci10YXNrlEsgdYwVZW52aXJvbm1lbnRfdmFyaWFibGVzlH2UKIwPT01QX05VTV9USFJFQURTlEsgjBFSQVlPTl9OVU1fVEhSRUFEU5RLIHV1Lg==
799224,0,cpp-kokkos-mpi,cpp-kokkos-mpi__799224.out,gASVpAAAAAAAAAB9lCiMBGFyZ3OUjAs0MDAgNDAwIDQwMJSMDXNiYXRjaF9jb25maWeUfZQojAVub2Rlc5RLBIwPbnRhc2tzLXBlci1ub2RllEsBjA1jcHVzLXBlci10YXNrlEsgdYwVZW52aXJvbm1lbnRfdmFyaWFibGVzlH2UKIwPT01QX05VTV9USFJFQURTlEsgjBFSQVlPTl9OVU1fVEhSRUFEU5RLIHV1Lg==
799225,1,cpp-kokkos-mpi,cpp-kokkos-mpi__799225.out,gASVpAAAAAAAAAB9lCiMBGFyZ3OUjAs0MDAgNDAwIDQwMJSMDXNiYXRjaF9jb25maWeUfZQojAVub2Rlc5RLBIwPbnRhc2tzLXBlci1ub2RllEsBjA1jcHVzLXBlci10YXNrlEsgdYwVZW52aXJvbm1lbnRfdmFyaWFibGVzlH2UKIwPT01QX05VTV9USFJFQURTlEsgjBFSQVlPTl9OVU1fVEhSRUFEU5RLIHV1Lg==
799226,2,cpp-kokkos-mpi,cpp-kokkos-mpi__799226.out,gASVpAAAAAAAAAB9lCiMBGFyZ3OUjAs0MDAgNDAwIDQwMJSMDXNiYXRjaF9jb25maWeUfZQojAVub2Rlc5RLBIwPbnRhc2tzLXBlci1ub2RllEsBjA1jcHVzLXBlci10YXNrlEsgdYwVZW52aXJvbm1lbnRfdmFyaWFibGVzlH2UKIwPT01QX05VTV9USFJFQURTlEsgjBFSQVlPTl9OVU1fVEhSRUFEU5RLIHV1Lg==
799227,3,cpp-kokkos-mpi,cpp-kokkos-mpi__799227.out,gASVpAAAAAAAAAB9lCiMBGFyZ3OUjAs0MDAgNDAwIDQwMJSMDXNiYXRjaF9jb25maWeUfZQojAVub2Rlc5RLBIwPbnRhc2tzLXBlci1ub2RllEsBjA1jcHVzLXBlci10YXNrlEsgdYwVZW52aXJvbm1lbnRfdmFyaWFibGVzlH2UKIwPT01QX05VTV9USFJFQURTlEsgjBFSQVlPTl9OVU1fVEhSRUFEU5RLIHV1Lg==
799228,4,cpp-kokkos-mpi,cpp-kokkos-mpi__799228.out,gASVpAAAAAAAAAB9lCiMBGFyZ3OUjAs0MDAgNDAwIDQwMJSMDXNiYXRjaF9jb25maWeUfZQojAVub2Rlc5RLBIwPbnRhc2tzLXBlci1ub2RllEsBjA1jcHVzLXBlci10YXNrlEsgdYwVZW52aXJvbm1lbnRfdmFyaWFibGVzlH2UKIwPT01QX05VTV9USFJFQURTlEsgjBFSQVlPTl9OVU1fVEhSRUFEU5RLIHV1Lg==
